,frequency,amplitude
0,12.940848108219502,0.0
1,12.94778956874545,-0.4340597481981457
2,12.968646912922583,-0.8691180824070337
3,13.003519420931475,-1.3061815318870214
4,13.052573879749957,-1.7462726468635639
5,13.116046595816,-2.19043834489711
6,13.194246272758427,-2.639758672318257
7,13.287557826288529,-3.095356138892876
8,13.396447220639239,-3.558405796535228
9,13.521467443061738,-4.0301462638220125
10,13.663265765504528,-4.511891916105482
11,13.822592472108498,-5.005046513822684
12,14.000311283639025,-5.511118574599797
13,14.19741176036451,-6.031738866125841
14,14.415024030561561,-6.568680467265335
15,14.654436278067788,-7.123881946238359
16,14.917115527394573,-7.699474325486245
17,15.20473239312221,-8.297812659121128
18,15.51919063586481,-8.921513256518445
19,15.86266258096184,-9.573497836117216
20,16.237631736947254,-10.257046244700701
21,16.64694432502236,-10.975859809758571
22,17.09387190992133,-11.73413798147401
23,17.582187978832824,-12.53667170622274
24,18.11626216778132,-13.38895800301082
25,18.701177034451934,-14.297341653498728
26,19.342873868507013,-15.269191854861061
27,20.048336294635362,-16.31312437839128
28,20.825823550903042,-17.43928359659312
29,21.685169832670606,-18.65970412754087
30,22.638172550424844,-19.98877967852014
31,23.69910188937932,-21.443878131781155
32,24.88537824826516,-23.04615907631144
33,26.218485807902024,-24.821676083145263
34,27.725224115058506,-26.80288661521178
35,29.439453132379832,-29.030757061489176
36,31.40457466296965,-31.557755848402543
37,33.67714003366438,-34.45220486809231
38,36.332229176036,-37.80476729153657
39,39.47170621036957,-41.738404594975044
40,43.237321663516774,-46.42417889950683
41,47.83234083210217,-52.107338333069244
42,53.55895867918278,-59.15244188105274
43,60.8868060070912,-68.12598216431165
44,70.58753509467353,-79.95870399716033
45,84.02409108965608,-96.2944832213507
46,103.85123537730672,-120.3352000600692
47,136.02124871321328,-159.259737476109
48,197.20958990018022,-233.17977073027546
49,358.7495980854686,-428.12765157211606
50,1986.8621385635652,-2391.847689829881
51,-561.6729023573912,681.7217130560106
52,-246.16061478476547,301.0804758805909
53,-157.69206698197513,194.2696208481935
54,-116.05626944074396,143.94383730142653
55,-91.85759140700026,114.65017797537926
56,-76.04465929233304,95.47209107410589
57,-64.90643348257713,81.93378959997042
58,-56.63996049002222,71.86075466016321
59,-50.26371933358157,64.069165990093
60,-45.19765072337573,57.859391899096245
61,-41.076943924531626,52.79140499343829
62,-37.660671887303984,48.57459059218648
63,-34.78332187990491,45.009289698463036
64,-32.32743089953054,41.95379560026092
65,-30.20733012270406,39.30474864017011
66,-28.359070319447454,36.98498560382467
67,-26.733949706347993,34.93573386646122
68,-25.294225925734757,33.11143973030751
69,-24.01019803132203,31.476249074221354
70,-22.858173636002103,30.001555564814204
71,-21.819023037780905,28.664256800288417
72,-20.877131669604427,27.445490858924828
73,-20.01962847003079,26.32970562721442
74,-19.23580895154979,25.30396294637213
75,-18.516697968114954,24.3574112469843
76,-17.85471424540732,23.480880919083
77,-17.243410081579476,22.666570337399744
78,-16.677267261544003,21.907799693789354
79,-16.151535531518302,21.198816157036607
80,-15.662103612731944,20.534638275758624
81,-15.20539536371724,19.91093071844609
82,-14.77828554724284,19.32390265684385
83,-14.378031018272953,18.77022474810499
84,-14.002214134675281,18.246960861865773
85,-13.648695932303479,17.75151158180291
86,-13.315577152938086,17.281567182247976
87,-13.001165630976484,16.83506827325564
88,-12.703948861068666,16.410172694920583
89,-12.422570810327079,16.00522753317112
90,-12.155812229517691,15.61874535413846
91,-11.90257386115889,15.249383935156999
92,-11.661862059874982,14.89592890588799
93,-11.432776431043358,14.557278821909833
94,-11.214499162872848,14.232432284767693
95,-11.006285789377195,13.920476785806834
96,-10.807457164343912,13.620579011884011
97,-10.617392464450656,13.331976393861057
98,-10.435523072571675,13.05396971579899
99,-10.261327212808098,12.78591663239659
100,-10.094325233131377,12.527225967428416
101,-9.934075446104432,12.277352685393641
102,-9.780170450564983,12.035793444993601
103,-9.632233873037748,11.802082658087603
104,-9.489917472532444,11.575788987319843
105,-9.352898562075278,11.356512227839232
106,-9.220877709346125,11.143880523126562
107,-9.09357667863179,10.93754787466014
108,-8.97073658779913,10.737191910803766
109,-8.852116253583521,10.542511882254477
110,-8.737490702363212,10.353226858329279
111,-8.626649828832086,10.169074101808942
112,-8.519397185639432,9.989807600691812
113,-8.415548886420986,9.815196738954878
114,-8.31493261442747,9.645025094614137
115,-8.217386723163438,9.479089346593698
116,-8.122759415745866,9.317198281672043
117,-8.030908003597977,9.159171892919828
118,-7.941698226436513,9.004840551929597
119,-7.855003632782063,8.85404425912602
120,-7.770705014212368,8.70663195372371
121,-7.688689887411798,8.562460886640405
122,-7.608852019426216,8.42139604078979
123,-7.531090993104904,8.28330960155336
124,-7.455311804726337,8.148080470502117
125,-7.381424498771549,8.015593816317313
126,-7.309343826842103,7.885740662403142
127,-7.2389889359666455,7.75841750578852
128,-7.170283081136036,7.633525965852838
129,-7.103153357466965,7.510972459369942
130,-7.0375304543133055,7.390667898849211
131,-6.9733484278713735,7.272527415745054
132,-6.910544488429297,7.1564701003934905
133,-6.849058804988689,7.042418763307831
134,-6.788834322896447,6.93029971263176
135,-6.729816594484729,6.820042545798597
136,-6.671953620947578,6.711579958280754
137,-6.615195706031726,6.604847562867256
138,-6.5594953197109644,6.49978372269778
139,-6.504806968825036,6.39632939508917
140,-6.451087079429193,6.294427984583824
141,-6.398293884775697,6.194025207361397
142,-6.34638731991279,6.095068963016958
143,-6.295328926665404,5.997509215152004
144,-6.245081758232434,5.901297878823147
145,-6.195610297300289,5.806388715195896
146,-6.1468803716538805,5.712737233049893
147,-6.098859081609924,5.620300596343352
148,-6.051514725887378,5.529037535827829
149,-6.0048167369856476,5.43890826732606
150,-5.958735615736028,5.349874414413412
151,-5.913242872645542,5.261898935557754
152,-5.86831097163032,5.174946054503433
153,-5.823913276078498,5.088981195781592
154,-5.780023999381594,5.003970923608135
155,-5.736618156234442,4.919882882384817
156,-5.693671517749644,4.836685742830845
157,-5.65116056897441,4.754349149590446
158,-5.6090624673245895,4.672843671307212
159,-5.567355004569272,4.592140754018976
160,-5.526016569355594,4.512212676175631
161,-5.485026111998696,4.433032506686313
162,-5.444363110827661,4.354574064156994
163,-5.404007541464101,4.276811878479398
164,-5.363939843605813,4.1997211540433526
165,-5.324140893814791,4.123277734903171
166,-5.2845919762581275,4.047458069788181
167,-5.245274753427203,3.972239183477015
168,-5.206171246808131,3.8975986434281795
169,-5.167263803428031,3.823514528586712
170,-5.128535076207089,3.7499654057433607
171,-5.089968000116993,3.6769302986685615
172,-5.051545767854063,3.6043886632062563
173,-5.013251809047125,3.532320361356744
174,-4.975069767392136,3.4607056380140095
175,-4.936983481525728,3.3895250967696633
176,-4.8989769630899165,3.3187596757212656
177,-4.861034376468505,3.248390627632297
178,-4.823140020408953,3.1783994963006084
179,-4.785278307081558,3.10876809642392
180,-4.747433744232172,3.0394784936283497
181,-4.709590915905422,2.9705129830883004
182,-4.6717344634526325,2.9018540707439398
183,-4.633849067167151,2.8334844538925585
184,-4.595919428277954,2.76538700216395
185,-4.557930249755187,2.697544738476954
186,-4.519866218577232,2.6299408215009907
187,-4.481711987193888,2.5625585260646107
188,-4.443452154215031,2.4953812258997305
189,-4.405071246822622,2.4283923755237584
190,-4.366553701135973,2.3615754915695346
191,-4.327883843387248,2.2949141357080727
192,-4.289045870608048,2.228391895669305
193,-4.250023830569574,2.161992367491658
194,-4.210801601874354,2.0956991374156733
195,-4.171362873374928,2.029495763346744
196,-4.131691123168361,1.9633657557500102
197,-4.091769596725227,1.8972925592892267
198,-4.051581285112001,1.831259533127106
199,-4.011108901236762,1.7652499314265044
200,-3.970334857233426,1.6992468834880372
201,-3.9292412391854414,1.6332333727124406
202,-3.8878097818257595,1.5671922156208224
203,-3.8460218425368216,1.5011060404947467
204,-3.803858373412824,1.4349572645340678
205,-3.7612998930630743,1.3687280707901985
206,-3.7183264565846597,1.3024003846775156
207,-3.6749176246449418,1.2359558482765993
208,-3.6310524303846954,1.1693757950348735
209,-3.5867093451895773,1.102641222913478
210,-3.5418662437163593,1.0357327659024023
211,-3.4965003642255343,0.9686306661014981
212,-3.4505882727653376,0.9013147399450903
213,-3.4041058143876097,0.8337643497281455
214,-3.357028077744987,0.7659583675876678
215,-3.3093293406633095,0.6978751400775844
216,-3.2609830257913166,0.629492451410846
217,-3.211961645732783,0.5607874843892295
218,-3.162236749289681,0.49173677725854503
219,-3.1117788621326605,0.4223161812981071
220,-3.0605574239383166,0.35250081299583336
221,-3.0085407232297046,0.2822650047973285
222,-2.955695825590182,0.21158225339884984
223,-2.90198849964564,0.14042516294469642
224,-2.8473831362727493,0.0687653860645483
225,-2.791842662910509,-0.0034264391776837044
226,-2.73532845290094,-0.07618075743748287
227,-2.6778002264456724,-0.14952916733623578
228,-2.6192159475526737,-0.2235044991298234
229,-2.559531710378626,-0.2981408969117738
230,-2.4987016193945117,-0.3734739071442119
231,-2.436677660459575,-0.4495405734669444
232,-2.373409560999918,-0.5263795381504037
233,-2.3088446407822425,-0.6040311522467645
234,-2.2429276513510725,-0.6825375925593162
235,-2.175600601137716,-0.7619429897142429
236,-2.1068025683990195,-0.8422935643490055
237,-2.036469498629636,-0.9236377754047695
238,-1.9645339840886895,-1.0060264804293046
239,-1.890925027156849,-1.0895131080939113
240,-1.8155677819342595,-1.1741538474032507
241,-1.7383832741558864,-1.260007850594023
242,-1.6592880965313075,-1.3471374551167394
243,-1.578194078114671,-1.435608424913004
244,-1.4950079223587964,-1.5254902128006482
245,-1.4096308130252915,-1.616856247617894
246,-1.3219579843132836,-1.7097842479776904
247,-1.2318782477635735,-1.804356564192224
248,-1.1392734767277424,-1.9006605543777675
249,-1.0440180388022755,-1.9987889967620855
250,-0.9459781725012781,-2.0988405416800275
251,-0.8450113018025749,-2.20092021108082
252,-0.7409652785013202,-2.3051399483417794
253,-0.6336775479783749,-2.4116192248782156
254,-0.5229742228538703,-2.5204857115483734
255,-0.40866905963107236,-2.6318760238065626
256,-0.2905623211162437,-2.74593654669041
257,-0.1684395107253772,-2.862824353947801
258,-0.04206996229170398,-2.9827082341885163
259,0.08879473566986043,-3.1057698317070512
260,0.22442250174511016,-3.2322049291778185
261,0.3651027389224928,-3.362224881581612
262,0.5111485579972633,-3.4960582307126624
263,0.6628992798618849,-3.6339525230220477
264,0.8207232654387095,-3.7761763632217016
265,0.9850211160317155,-3.92302173918255
266,1.1562293120171645,-4.07480666397175
267,1.3348243512770253,-4.231878177737788
268,1.521327474166151,-4.394615782901571
269,1.7163100784473475,-4.56343537232491
270,1.9203999363501687,-4.738793743148859
271,2.1342883615262354,-4.921193802913555
272,2.3587384996980405,-5.111190585757935
273,2.5945949499317678,-5.309398239721914
274,2.8427949777869106,-5.516498167972371
275,3.104381634385608,-5.7332485520999015
276,3.380519166761488,-5.960495542061428
277,3.672511207862596,-6.1991864623124595
278,3.9818223430858812,-6.450385469577528
279,4.310103809682191,-6.715292211377008
280,4.659224287862241,-6.995264182860174
281,5.031306991815152,-7.291843652887299
282,5.42877462532777,-7.60679030812493
283,5.85440422265276,-7.942121064901691
284,6.311394488662718,-8.300158964264098
285,6.80344911784796,-8.683593662462442
286,7.334880680674127,-9.095556857200403
287,7.910741258959128,-9.539717134341583
288,8.536988232826166,-10.020400335221861
289,9.220696762878791,-10.542743828012632
290,9.970335074497886,-11.11289637469235
291,10.79612532196981,-11.738280133571262
292,11.710522763926537,-12.427938559893287
293,12.72886112500275,-13.193004966837043
294,13.870235511637501,-14.047343558070025
295,15.158731562542034,-15.008441842894559
296,16.62517032013342,-16.09867748856458
297,18.30964025524613,-17.347156675594178
298,20.265264409664617,-18.7924492049941
299,22.563967768154654,-20.486775859033113
300,25.305604231252754,-22.502634968642507
301,28.632971879245996,-24.943704143033404
302,32.75768250613229,-27.963622659242727
303,38.00729347453973,-31.800211206536066
304,44.91732629373,-36.84228132676533
305,54.42745512684108,-43.77207668378869
306,68.35144004695658,-53.906464769465735
307,90.70145742524235,-70.15845759644088
308,132.46704885043198,-100.50693367321534
309,238.44899093795806,-177.47917893729388
310,1050.5843750100998,-767.1490670742837
311,-457.9472618725215,328.08494033323564
312,-191.5996586355997,134.68051691881337
313,-122.53645282493534,84.51309029811834
314,-90.79247583644629,61.441084503038724
315,-72.54613292827887,48.169000224002836
316,-60.69303386108918,39.53874603225403
317,-52.370272938038305,33.471730350919906
318,-46.2021807055073,28.96915901168036
319,-41.4455799591913,25.49145443761013
320,-37.66375503134236,22.721543358373385
321,-34.583243803689136,20.460881674512976
322,-32.02407035596885,18.578800365926785
323,-29.862938823190692,16.985782659301556
324,-28.012546839726365,15.618444706486917
325,-26.409342525989526,14.430646632012156
326,-25.00596034761061,13.388000650613339
327,-23.766374634894984,12.464352319466995
328,-22.66269597591283,11.639454585338878
329,-21.672995493982246,10.897388125419992
330,-20.779791774027565,10.225462795361064
331,-19.968976348409328,9.613437492298253
332,-19.22903627035002,9.052955718303645
333,-18.550482162846635,8.537130325672134
334,-17.92542104932912,8.060233382565848
335,-17.347232937012297,7.617461365822818
336,-16.810322889526105,7.204755165444734
337,-16.309928797655573,6.818660526825876
338,-15.841970772948093,6.456218714475858
339,-15.402932008381947,6.1148800228876805
340,-14.989763689791106,5.7924347493469615
341,-14.599808473666458,5.486957648591913
342,-14.230738427179153,5.196762887693476
343,-13.880504336534383,4.920367256057469
344,-13.547294018846753,4.656459913442458
345,-13.22949781907122,4.403877355164683
346,-12.92567988244225,4.161582572744109
347,-12.634554098578526,3.928647606773017
348,-12.354963848533068,3.7042388623563767
349,-12.085864861996978,3.4876046850113114
350,-11.8263106390214,3.2780647989519456
351,-11.5754399873514,3.0750012827037807
352,-11.332466319653067,2.8778508277467556
353,-11.096668422244825,2.6860980626561792
354,-10.867382451059285,2.4992697748751964
355,-10.643994963606296,2.3169298842698884
356,-10.425936822895922,2.138675053320393
357,-10.212677838474104,1.964130836576263
358,-10.003722033695393,1.7929482863378903
359,-9.798603443375477,1.6248009478168808
360,-9.596882362222201,1.4593821850515536
361,-9.398141977015499,1.2964027903089277
362,-9.201985324127461,1.1355888332351465
363,-9.00803252302979,0.97667971697962
364,-8.815918242114561,0.8194264079614326
365,-8.625289361140108,0.6635898143446473
366,-8.435802794006234,0.5089392870870086
367,-8.247123444276928,0.35525122897820705
368,-8.058922268606915,0.2023077846252166
369,-7.8708744204283185,0.049895602842097375
370,-7.682657452778567,-0.10219534929240748
371,-7.4939495610118065,-0.25417293248168926
372,-7.304427841450773,-0.40624395402073654
373,-7.113766550543303,-0.5586152745617619
374,-6.921635340938884,-0.7114949134867623
375,-6.727697456722556,-0.8650931658708547
376,-6.531607866965264,-1.0196237441287161
377,-6.3330113137491155,-1.175304957101496
378,-6.1315402558183685,-1.3323609401765415
379,-5.926812677632553,-1.4910229526040726
380,-5.71842973796498,-1.6515307572868863
381,-5.505973228967848,-1.8141341005443303
382,-5.289002807006822,-1.9790943131545213
383,-5.067052958429917,-2.146686054546822
384,-4.839629654639339,-2.317199224480907
385,-4.606206642252614,-2.490941076335105
386,-4.36622130930837,-2.668238559323741
387,-4.11907005746693,-2.849440935027088
388,-3.864103094671502,-3.0349227128157508
389,-3.600618553345023,-3.225086956594666
390,-3.327855816345764,-3.4203690326267786
391,-3.0449879139555316,-3.6212408698499527
392,-2.7511128255304653,-3.8282158279341165
393,-2.4452434913076666,-4.041854283135423
394,-2.126296291864382,-4.262770062847935
395,-1.7930777061042378,-4.491637893352145
396,-1.44426879799457,-4.729202055578077
397,-1.0784070921542268,-4.97628648958384
398,-0.6938653135267003,-5.233806646275978
399,-0.28882632012622045,-5.502783454923579
400,0.1387465890377042,-5.7843598631304864
401,0.5911450285055015,-6.079820528970984
402,1.0709578578319308,-6.390615389291533
403,1.58112213881359,-6.718388037504084
404,2.124984873869015,-7.065010088834347
405,2.7063782732994146,-7.432623082460278
406,3.329712144734886,-7.823689905747246
407,4.000088152229788,-8.241058392453008
408,4.7234422214124745,-8.68804057883774
409,5.5067235410468,-9.168512328918625
410,6.358121628134002,-9.68703970227181
411,7.287357225784012,-10.249040848763709
412,8.306059005696126,-10.860995645393551
413,9.428257131792208,-11.530720369744074
414,10.671038297127387,-12.267732228875975
415,12.055427426071109,-13.083740023118017
416,13.607593153419469,-13.993314989857051
417,15.36052484643638,-15.014824050308583
418,17.35641137748278,-16.171753574365102
419,19.650089926869917,-17.4946285987077
420,22.3141718880959,-19.023865331619543
421,25.446881271243786,-20.81413312379337
422,29.184442213437034,-22.941247950467325
423,33.721425587951735,-25.513495024789215
424,39.345736330860355,-28.69109876085331
425,46.502207143900534,-32.72161178097116
426,55.916391073628056,-38.00880375442279
427,68.85748961493299,-45.25897718899031
428,87.76491333141948,-55.82963959549896
429,118.00095362870833,-72.70484064164266
430,174.10063786952418,-103.97312845206717
431,314.04031596860557,-181.89753510730068
432,1281.1783384195833,-720.1465170183075
433,-675.1574900094655,368.47613289790604
434,-276.79875996105983,146.7440697705166
435,-177.77987511997335,91.59002431681577
436,-132.8508586346644,66.53582926778431
437,-107.20264524928392,52.210718633857375
438,-90.6190884596812,42.929538857105165
439,-79.0183559121897,36.42079547499813
440,-70.44966568292061,31.59889326804697
441,-63.86312101091447,27.879566607916615
442,-58.64349308604683,24.920436135313285
443,-54.40637464874403,22.507571097699124
444,-50.899214067012764,20.50041618914338
445,-47.94924662105821,18.80281602941681
446,-45.4342936370082,17.34676527562702
447,-43.26551152925187,16.082808688153953
448,-41.37674971684842,14.97411894291347
449,-39.717740849061386,13.992707068959064
450,-38.24960445025291,13.116920268128897
451,-36.941796213246384,12.32974421953379
452,-35.769988262138995,11.617623451752115
453,-34.71456497544079,10.969624265567138
454,-33.75953545252464,10.376829514584829
455,-32.89173393301182,9.8318936210018
456,-32.10022296374349,9.328710417738098
457,-31.375841786917327,8.862161810003608
458,-30.710860325340164,8.427925185929332
459,-30.09871103763409,8.022324168731064
460,-29.5337789491512,7.642211738568965
461,-29.01123563997139,7.284877811699518
462,-28.526906823382465,6.94797551453333
463,-28.077165846914777,6.6294618775107255
464,-27.658847379468554,6.327549761396004
465,-27.26917696578642,6.040668612077997
466,-26.905713146053614,5.767432203203755
467,-26.566299602339228,5.506611957184005
468,-26.249025367095566,5.25711475040062
469,-25.952191554893155,5.017964342593635
470,-25.67428340225905,4.788285759926684
471,-25.413946659929316,4.567292095546115
472,-25.169967568139434,4.354273297784703
473,-24.94125579697956,4.148586608650772
474,-24.726829858786992,3.9496483702062717
475,-24.525804584324614,3.7569269741975653
476,-24.33738033414985,3.5699367762041274
477,-24.16083367540204,3.388232814774631
478,-23.995509298143933,3.2114062173619313
479,-23.84081298878605,3.0390801877616713
480,-23.69620550617842,2.870906487440157
481,-23.561197229939957,2.706562340281349
482,-23.435343476707146,2.5457477014202787
483,-23.3182403922575,2.3881828355832337
484,-23.209521341528113,2.233606164895735
485,-23.10885373635754,2.0817723495171307
486,-23.015936241832133,1.9324505658391156
487,-22.930496315697486,1.7854229612272652
488,-22.852288045183677,1.6404832573233035
489,-22.781090240550565,1.4974354841938078
490,-22.716704762449545,1.356092827374178
491,-22.658955055898705,1.2162765732739411
492,-22.6076848691528,1.0778151383788181
493,-22.562757142273853,0.9405431721973199
494,-22.524053046980487,0.8043007217375876
495,-22.491471167170285,0.6689324494061261
496,-22.46492680910042,0.5342868964782361
497,-22.444351430517656,0.40021578119326034
498,-22.429692184499405,0.2665733301371915
499,-22.420911568759337,0.13321563047631452
500,-22.41798718111502,3.6318055510036818e-12
501,-22.420911568836345,-0.13321563049343305
502,-22.42969218445565,-0.2665733301281662
503,-22.44435143050441,-0.40021578113885437
504,-22.46492680903363,-0.5342868964583861
505,-22.491471167258624,-0.6689324493768358
506,-22.524053046948584,-0.804300721748334
507,-22.562757142261404,-0.9405431722144384
508,-22.607684869231885,-1.0778151383497483
509,-22.658955055911846,-1.2162765733148317
510,-22.716704762456683,-1.3560928273320185
511,-22.781090240611952,-1.4974354841832582
512,-22.852288045192232,-1.64048325736977
513,-22.93049631570446,-1.7854229611947146
514,-23.015936241847612,-1.9324505658591762
515,-23.108853736262983,-2.081772349574323
516,-23.209521341472872,-2.233606164897602
517,-23.318240392276724,-2.388182835575224
518,-23.435343476712525,-2.5457477014228456
519,-23.56119722994953,-2.7065623402904064
520,-23.696205506215716,-2.870906487452263
521,-23.840812988776914,-3.0390801877590743
522,-23.99550929813809,-3.2114062173660396
523,-24.16083367538771,-3.3882328148189536
524,-24.337380334123328,-3.569936776164345
525,-24.525804584332167,-3.7569269741987523
526,-24.726829858788086,-3.949648370164786
527,-24.94125579700055,-4.148586608654529
528,-25.16996756817225,-4.354273297814892
529,-25.41394665990854,-4.5672920955361604
530,-25.674283402338894,-4.788285759880564
531,-25.952191554922877,-5.0179643426248255
532,-26.24902536708943,-5.257114750401592
533,-26.566299602344483,-5.506611957187852
534,-26.905713146045102,-5.767432203139634
535,-27.269176965784663,-6.040668612087442
536,-27.658847379484172,-6.327549761417467
537,-28.077165846942542,-6.629461877544765
538,-28.526906823398477,-6.947975514580516
539,-29.01123563998595,-7.2848778117123985
540,-29.53377894916234,-7.642211738582052
541,-30.098711037594178,-8.022324168704845
542,-30.710860325353245,-8.42792518593303
543,-31.375841786918926,-8.86216181000386
544,-32.10022296373471,-9.328710417762576
545,-32.89173393301536,-9.83189362101325
546,-33.7595354525744,-10.37682951458432
547,-34.71456497539835,-10.969624265511213
548,-35.76998826211605,-11.617623451743855
549,-36.94179621324401,-12.32974421953615
550,-38.24960445025387,-13.116920268136477
551,-39.71774084907347,-13.992707068965375
552,-41.37674971682224,-14.97411894294635
553,-43.265511529265694,-16.082808688133834
554,-45.43429363701411,-17.346765275633274
555,-47.94924662107673,-18.80281602942566
556,-50.89921406700736,-20.500416189161847
557,-54.40637464872725,-22.507571097701465
558,-58.64349308603972,-24.920436135300168
559,-63.86312101090205,-27.879566607945055
560,-70.44966568293854,-31.598893268048336
561,-79.01835591216887,-36.42079547501686
562,-90.61908845968404,-42.92953885710349
563,-107.20264524929043,-52.21071863388901
564,-132.85085863464437,-66.53582926777901
565,-177.77987511996707,-91.59002431681492
566,-276.7987599609961,-146.74406977055935
567,-675.1574900093551,-368.476132897969
568,1281.1783384195305,720.1465170184955
569,314.0403159686004,181.89753510730404
570,174.10063786957804,103.97312845208863
571,118.00095362866986,72.70484064167044
572,87.76491333141449,55.82963959549108
573,68.85748961491875,45.25897718899942
574,55.91639107363688,38.00880375441725
575,46.502207143911065,32.72161178094754
576,39.34573633083647,28.691098760842422
577,33.72142558795943,25.513495024789616
578,29.18444221346561,22.941247950462706
579,25.446881271283644,20.81413312379929
580,22.314171888072025,19.023865331626528
581,19.65008992688871,17.494628598742146
582,17.35641137746943,16.17175357445835
583,15.360524846354693,15.01482405035752
584,13.607593153362085,13.99331498982954
585,12.055427426038415,13.083740023124857
586,10.671038297144598,12.267732228834467
587,9.428257131788673,11.53072036972255
588,8.306059005689775,10.860995645393807
589,7.28735722577748,10.249040848717494
590,6.358121628121685,9.687039702297934
591,5.506723541043945,9.168512328923471
592,4.723442221430206,8.688040578778425
593,4.000088152145497,8.241058392513212
594,3.329712144723804,7.823689905773836
595,2.706378273327373,7.4326230824161605
596,2.124984873898342,7.0650100889678935
597,1.5811221388088943,6.718388037475951
598,1.0709578577109613,6.39061538936687
599,0.5911450285034774,6.0798205288793525
600,0.13874658904003434,5.784359863091082
601,-0.28882632015935306,5.502783454940196
602,-0.6938653135347654,5.233806646260791
603,-1.0784070921418385,4.9762864895559
604,-1.4442687979995261,4.729202055587277
605,-1.7930777061007535,4.4916378933030305
606,-2.1262962918277295,4.262770062845285
607,-2.4452434913035415,4.041854283145311
608,-2.7511128255063624,3.828215827940524
609,-3.044987913963699,3.6212408698378624
610,-3.3278558163582272,3.420369032604755
611,-3.600618553329308,3.2250869565621887
612,-3.8641030946855333,3.034922712855895
613,-4.119070057481692,2.8494409350260734
614,-4.366221309354579,2.6682385593053333
615,-4.606206642231985,2.490941076335911
616,-4.839629654664215,2.3171992245109556
617,-5.067052958411006,2.146686054514523
618,-5.289002806991729,1.9790943131643126
619,-5.505973228957101,1.814134100531783
620,-5.718429737991965,1.6515307573028326
621,-5.926812677643429,1.4910229526136844
622,-6.131540255857959,1.3323609401758598
623,-6.333011313756928,1.1753049571136538
624,-6.531607866990246,1.019623744194298
625,-6.727697456727963,0.8650931658728944
626,-6.921635340933367,0.7114949134653776
627,-7.113766550544585,0.5586152745351769
628,-7.304427841439974,0.40624395402167224
629,-7.493949561040217,0.25417293242489336
630,-7.682657452765161,0.10219534929214191
631,-7.870874420399824,-0.04989560285082817
632,-8.05892226862775,-0.20230778463846333
633,-8.247123444269384,-0.35525122901945405
634,-8.435802793965948,-0.5089392871045662
635,-8.625289361137172,-0.663589814375928
636,-8.815918242103919,-0.8194264079787805
637,-9.008032523044012,-0.9766797169825123
638,-9.201985324107646,-1.135588833273541
639,-9.398141977033646,-1.2964027903032727
640,-9.596882362175787,-1.459382185064069
641,-9.79860344340771,-1.6248009478294456
642,-10.003722033667497,-1.792948286327039
643,-10.212677838452905,-1.9641308365782906
644,-10.42593682288786,-2.1386750533209646
645,-10.64399496360785,-2.31692988424523
646,-10.867382451062632,-2.4992697748887105
647,-11.096668422222075,-2.6860980626711437
648,-11.33246631960824,-2.877850827746274
649,-11.575439987331903,-3.075001282687032
650,-11.826310639031608,-3.2780647989731952
651,-12.085864861996042,-3.4876046850465796
652,-12.354963848522825,-3.704238862382096
653,-12.634554098590453,-3.928647606737104
654,-12.9256798824226,-4.161582572718364
655,-13.229497819065093,-4.403877355162618
656,-13.547294018843589,-4.656459913456553
657,-13.880504336538571,-4.920367256094671
658,-14.230738427168752,-5.1967628877120156
659,-14.59980847366417,-5.486957648610246
660,-14.989763689822682,-5.792434749351388
661,-15.402932008351065,-6.114880022913265
662,-15.841970772966757,-6.4562187144295695
663,-16.30992879764516,-6.818660526836835
664,-16.810322889508253,-7.204755165450694
665,-17.347232937043955,-7.617461365822024
666,-17.92542104933818,-8.060233382580089
667,-18.550482162839558,-8.537130325673484
668,-19.2290362703295,-9.052955718306087
669,-19.968976348409846,-9.613437492319486
670,-20.77979177405168,-10.225462795357274
671,-21.672995493990438,-10.897388125440633
672,-22.66269597588021,-11.639454585382236
673,-23.76637463486928,-12.464352319424988
674,-25.005960347619954,-13.388000650675972
675,-26.409342525886814,-14.430646632128802
676,-28.012546839616366,-15.618444706407779
677,-29.86293882312164,-16.985782659160847
678,-32.024070356032645,-18.578800365853994
679,-34.58324380370464,-20.460881674485712
680,-37.66375503133969,-22.721543358348967
681,-41.44557995919394,-25.491454437580412
682,-46.20218070548706,-28.969159011692305
683,-52.37027293801032,-33.471730350880016
684,-60.69303386114809,-39.53874603224706
685,-72.54613292825894,-48.16900022400287
686,-90.79247583643367,-61.4410845029862
687,-122.53645282494399,-84.51309029815134
688,-191.59965863554035,-134.68051691884696
689,-457.9472618724249,-328.0849403332526
690,1050.5843750100457,767.1490670745003
691,238.44899093793705,177.4791789372931
692,132.46704885040597,100.50693367330379
693,90.70145742520813,70.15845759643865
694,68.35144004695672,53.90646476946051
695,54.4274551268879,43.77207668381031
696,44.917326293693094,36.84228132680948
697,38.00729347450641,31.800211206526207
698,32.75768250611631,27.96362265927791
699,28.632971879226005,24.943704143036904
700,25.30560423124999,22.50263496862883
701,22.563967768157234,20.486775859017566
702,20.265264409651714,18.792449205015277
703,18.30964025526532,17.34715667559436
704,16.625170320131012,16.098677488599954
705,15.158731562471399,15.008441842943453
706,13.870235511558688,14.047343558065046
707,12.728861124944244,13.193004966751404
708,11.710522763938538,12.427938559842747
709,10.796125321972312,11.73828013355137
710,9.970335074472136,11.112896374655216
711,9.220696762893205,10.54274382798083
712,8.536988232810678,10.020400335245244
713,7.910741258978472,9.539717134308301
714,7.334880680682695,9.095556857197616
715,6.8034491178655765,8.683593662472713
716,6.311394488642499,8.3001589642822
717,5.854404222658937,7.942121064878489
718,5.428774625339759,7.6067903081348245
719,5.031306991905125,7.291843652890611
720,4.659224287854719,6.995264182854511
721,4.310103809666037,6.7152922113954485
722,3.981822343107483,6.450385469541655
723,3.6725112078890856,6.199186462290534
724,3.380519166667863,5.960495542051464
725,3.104381634415727,5.733248552109854
726,2.8427949777713897,5.51649816800163
727,2.5945949499122394,5.3093982397311485
728,2.358738499729655,5.111190585796303
729,2.134288361491852,4.921193802881337
730,1.920399936330681,4.7387937431159965
731,1.716310078461642,4.563435372320633
732,1.5213274741268696,4.394615782916731
733,1.3348243512609899,4.231878177759652
734,1.1562293119975582,4.074806663953284
735,0.9850211160397464,3.923021739125644
736,0.8207232654714305,3.7761763632136525
737,0.6628992798480138,3.6339525229840137
738,0.5111485579883213,3.49605823071707
739,0.36510273892866485,3.3622248815820956
740,0.2244225017193903,3.232204929071528
741,0.08879473568944873,3.105769831685721
742,-0.04206996230980095,2.9827082342264113
743,-0.16843951074790275,2.8628243539657774
744,-0.2905623210725576,2.745936546706975
745,-0.40866905964247313,2.631876023831723
746,-0.5229742228660162,2.520485711552334
747,-0.6336775479301395,2.411619224923548
748,-0.7409652785197391,2.305139948360452
749,-0.8450113017697887,2.2009202111066335
750,-0.9459781724796291,2.098840541719166
751,-1.0440180388126483,1.9987889967668515
752,-1.1392734767500696,1.9006605543701527
753,-1.2318782477107928,1.8043565641607295
754,-1.321957984297777,1.7097842479851817
755,-1.40963081301878,1.6168562476159964
756,-1.4950079223436346,1.5254902127934473
757,-1.5781940781134736,1.4356084249237475
758,-1.6592880965407997,1.3471374551064104
759,-1.7383832741282959,1.2600078505981065
760,-1.8155677819122773,1.1741538474082436
761,-1.8909250271706017,1.089513108039192
762,-1.9645339840763814,1.0060264804091958
763,-2.0364694985997525,0.9236377753979492
764,-2.1068025684156404,0.8422935643756446
765,-2.175600601150988,0.7619429897266969
766,-2.2429276513442415,0.6825375925748287
767,-2.308844640770103,0.6040311522323054
768,-2.3734095609048476,0.5263795380169132
769,-2.4366776604206137,0.44954057349764165
770,-2.4987016193892955,0.3734739071739992
771,-2.559531710432493,0.2981408968999695
772,-2.6192159475347507,0.2235044990838091
773,-2.6778002263939036,0.14952916728235577
774,-2.735328452923365,0.076180757457053
775,-2.791842662918435,0.0034264390815632595
776,-2.847383136182977,-0.06876538612317518
777,-2.901988499561043,-0.14042516290882912
778,-2.9556958255693675,-0.21158225333772052
779,-3.008540723235575,-0.28226500479486516
780,-3.060557423941229,-0.3525008129691236
781,-3.1117788621190465,-0.4223161812659413
782,-3.1622367493207815,-0.49173677726308895
783,-3.2119616457019786,-0.5607874843354042
784,-3.260983025789641,-0.6294924513602824
785,-3.3093293406798834,-0.6978751401191654
786,-3.357028077722069,-0.7659583675735178
787,-3.404105814416142,-0.8337643496608811
788,-3.450588272766219,-0.9013147399537567
789,-3.4965003642345276,-0.968630666116487
790,-3.541866243701417,-1.0357327658565185
791,-3.5867093452266396,-1.1026412229144613
792,-3.6310524303878315,-1.169375794996998
793,-3.6749176246279713,-1.235955848240991
794,-3.718326456557987,-1.3024003847540175
795,-3.7612998931108947,-1.3687280708107865
796,-3.803858373399203,-1.4349572645693298
797,-3.846021842563776,-1.5011060404832142
798,-3.8878097818335022,-1.5671922156239986
799,-3.929241239179908,-1.6332333727026431
800,-3.970334857205408,-1.6992468834530914
801,-4.011108901252715,-1.7652499313874352
802,-4.0515812851056445,-1.8312595331175028
803,-4.091769596717145,-1.8972925592927277
804,-4.131691123179982,-1.9633657557268467
805,-4.171362873384942,-2.029495763324464
806,-4.210801601898909,-2.0956991374094263
807,-4.2500238305642375,-2.161992367483376
808,-4.2890458705526,-2.2283918956407267
809,-4.327883843413543,-2.2949141357950844
810,-4.366553701097912,-2.361575491592924
811,-4.4050712468602145,-2.4283923755141466
812,-4.443452154307517,-2.495381225927538
813,-4.4817119871686355,-2.5625585260737567
814,-4.519866218553194,-2.6299408215005937
815,-4.557930249752934,-2.6975447384742597
816,-4.595919428276062,-2.7653870021587834
817,-4.633849067143748,-2.833484453987701
818,-4.671734463514585,-2.901854070680015
819,-4.709590915929676,-2.9705129831500248
820,-4.747433744200241,-3.039478493646882
821,-4.785278307077009,-3.1087680964188973
822,-4.8231400204194905,-3.1783994962839346
823,-4.861034376477174,-3.2483906276615833
824,-4.898976963066147,-3.318759675736332
825,-4.936983481492208,-3.3895250967657855
826,-4.975069767307566,-3.460705637987009
827,-5.013251809057657,-3.532320361351821
828,-5.051545767799496,-3.604388663254185
829,-5.089968000094249,-3.676930298647468
830,-5.128535076222823,-3.7499654057420244
831,-5.167263803389577,-3.823514528590601
832,-5.206171246790268,-3.8975986434378305
833,-5.245274753342157,-3.9722391834593944
834,-5.284591976228611,-4.0474580697557405
835,-5.3241408938085915,-4.123277734888969
836,-5.363939843599668,-4.1997211540669355
837,-5.404007541458089,-4.276811878468281
838,-5.444363110810808,-4.354574064145167
839,-5.485026111942004,-4.433032506685164
840,-5.5260165693174415,-4.512212676140017
841,-5.567355004620379,-4.592140753957422
842,-5.609062467400728,-4.672843671304829
843,-5.651160569025114,-4.754349149630986
844,-5.693671517744253,-4.836685742836048
845,-5.736618156227458,-4.919882882391242
846,-5.780023999384651,-5.003970923658111
847,-5.823913276098141,-5.088981195776238
848,-5.868310971660167,-5.174946054517983
849,-5.913242872655406,-5.261898935595148
850,-5.958735615755874,-5.349874414386473
851,-6.004816737027981,-5.4389082673258855
852,-6.051514725882031,-5.52903753578871
853,-6.098859081651221,-5.6203005963567625
854,-6.14688037164283,-5.712737233043434
855,-6.195610297242846,-5.806388715212969
856,-6.245081758259113,-5.901297878732199
857,-6.295328926682802,-5.997509215187332
858,-6.34638731996003,-6.095068962996697
859,-6.398293884826375,-6.194025207384659
860,-6.451087079476521,-6.29442798460663
861,-6.504806968799608,-6.3963293950373
862,-6.55949531969925,-6.499783722693159
863,-6.615195706043547,-6.604847562922815
864,-6.671953620937765,-6.711579958246114
865,-6.7298165945328146,-6.820042545823139
866,-6.788834322860602,-6.930299712650601
867,-6.849058804987187,-7.042418763341274
868,-6.910544488379033,-7.156470100403139
869,-6.9733484277978075,-7.2725274157378506
870,-7.037530454300636,-7.390667898793157
871,-7.1031533575113075,-7.510972459316541
872,-7.170283081173891,-7.6335259658752745
873,-7.238988935996549,-7.758417505768283
874,-7.309343826837146,-7.88574066239897
875,-7.381424498846002,-8.015593816271265
876,-7.455311804735281,-8.148080470499192
877,-7.531090993086648,-8.283309601551968
878,-7.60885201943254,-8.421396040849979
879,-7.688689887429918,-8.562460886636435
880,-7.770705014272402,-8.70663195376422
881,-7.855003632783482,-8.854044259131227
882,-7.941698226458012,-9.004840551935214
883,-8.030908003630365,-9.159171892932571
884,-8.122759415625696,-9.317198281710255
885,-8.217386723204745,-9.479089346569857
886,-8.31493261439063,-9.645025094607847
887,-8.415548886468736,-9.815196738931636
888,-8.51939718565083,-9.98980760068085
889,-8.626649828896753,-10.169074101865087
890,-8.73749070237128,-10.353226858312151
891,-8.852116253561379,-10.542511882264236
892,-8.970736587805197,-10.737191910764924
893,-9.093576678625745,-10.93754787468308
894,-9.220877709328732,-11.143880523126318
895,-9.35289856209616,-11.356512227839083
896,-9.4899174725704,-11.575788987349837
897,-9.632233873043411,-11.802082658097895
898,-9.780170450554603,-12.035793445003865
899,-9.934075446079952,-12.277352685393872
900,-10.094325233137223,-12.527225967438632
901,-10.261327212817111,-12.78591663240137
902,-10.435523072576293,-13.053969715803884
903,-10.61739246446708,-13.331976393854577
904,-10.807457164345095,-13.620579011878053
905,-11.006285789359882,-13.92047678580662
906,-11.214499162892341,-14.232432284783608
907,-11.432776431049485,-14.557278821912089
908,-11.66186205988218,-14.895928905877593
909,-11.902573861164191,-15.249383935146273
910,-12.155812229514334,-15.618745354049206
911,-12.422570810305503,-16.005227533170643
912,-12.70394886107235,-16.41017269493946
913,-13.001165630963062,-16.835068273258585
914,-13.315577152894093,-17.281567182288022
915,-13.648695932364191,-17.751511581797015
916,-14.002214134660768,-18.246960861904956
917,-14.378031018252837,-18.77022474809861
918,-14.778285547262897,-19.323902656828658
919,-15.205395363710702,-19.91093071846668
920,-15.662103612717893,-20.534638275720894
921,-16.15153553152113,-21.19881615706974
922,-16.67726726153466,-21.907799693798797
923,-17.243410081572293,-22.666570337396056
924,-17.854714245392195,-23.480880919067808
925,-18.516697968116798,-24.357411247005725
926,-19.23580895152623,-25.303962946360915
927,-20.019628470041656,-26.329705627203236
928,-20.877131669619796,-27.44549085889482
929,-21.819023037833336,-28.66425680035014
930,-22.858173636013213,-30.001555564792053
931,-24.01019803133018,-31.47624907425095
932,-25.294225925639786,-33.11143973032771
933,-26.733949706341605,-34.93573386646369
934,-28.359070319441265,-36.98498560383499
935,-30.207330122696526,-39.30474864012522
936,-32.32743089952574,-41.95379560025348
937,-34.78332187991301,-45.00928969847527
938,-37.66067188729607,-48.57459059217126
939,-41.076943924516016,-52.791404993448786
940,-45.19765072326218,-57.859391899092735
941,-50.263719333546746,-64.06916599014733
942,-56.639960489967024,-71.86075466017357
943,-64.90643348260747,-81.93378959997197
944,-76.04465929233267,-95.47209107413481
945,-91.85759140697107,-114.65017797539493
946,-116.05626944069988,-143.94383730142258
947,-157.6920669819142,-194.26962084818865
948,-246.16061478469825,-301.08047588057804
949,-561.6729023572003,-681.7217130559757
950,1986.8621385633132,2391.847689830286
951,358.7495980853717,428.12765157210447
952,197.20958990014663,233.17977073030053
953,136.0212487131763,159.25973747612687
954,103.85123537728077,120.33520006000846
955,84.0240910896778,96.29448322135221
956,70.58753509468109,79.95870399726623
957,60.886806007004765,68.12598216438194
958,53.55895867925076,59.15244188102531
959,47.832340832075445,52.10733833307268
960,43.23732166351857,46.424178899504575
961,39.47170621042466,41.738404594949394
962,36.33222917603476,37.804767291575786
963,33.677140033564974,34.45220486808844
964,31.404574662912534,31.557755848404568
965,29.43945313233408,29.03075706143379
966,27.725224115086792,26.802886615226765
967,26.218485807894684,24.821676083129358
968,24.88537824823974,23.046159076304058
969,23.699101889371576,21.443878131800115
970,22.638172550392134,19.988779678500073
971,21.685169832661167,18.659704127531878
972,20.825823550874382,17.4392835965968
973,20.048336294589788,16.313124378411104
974,19.34287386853652,15.269191854821619
975,18.70117703445028,14.2973416534833
976,18.11626216776897,13.3889580030223
977,17.58218797882745,12.536671706191408
978,17.093871909881376,11.734137981531076
979,16.646944325015458,10.975859809742698
980,16.237631736831027,10.257046244583703
981,15.862662580987783,9.573497836038534
982,15.519190635875969,8.921513256520907
983,15.204732393107568,8.297812659140313
984,14.917115527354479,7.69947432547883
985,14.654436278038052,7.123881946213233
986,14.41502403054497,6.568680467229031
987,14.197411760385968,6.03173886612899
988,14.00031128362808,5.511118574604428
989,13.822592472092275,5.005046513798125
990,13.663265765530019,4.511891916107144
991,13.521467443082802,4.030146263778082
992,13.396447220682132,3.558405796487345
993,13.287557826293355,3.0953561388942563
994,13.194246272777107,2.63975867229072
995,13.116046595794746,2.1904383448914464
996,13.052573879745616,1.7462726468761178
997,13.003519420959268,1.306181531705371
998,12.968646912946493,0.869118082383223
999,12.94778956877203,0.4340597482808696
